{"cameraMode":{"drawMode":0,"name":"Shaded","section":"Shading Mode"},"sceneLighting":false,"audioPlay":false,"sceneViewState":{"showFog":true,"showMaterialUpdate":false,"showSkybox":false,"showFlares":true,"showImageEffects":true,"showParticleSystems":true},"in2DMode":false,"pivot":{"x":0.05624495446681976,"y":2.6963698863983156,"z":6.187906265258789},"rotation":{"x":-0.04287473112344742,"y":-0.9536020755767822,"z":0.18241047859191895,"w":-0.2373928278684616},"size":3.916815757751465,"orthographic":false}