{"cameraMode":{"drawMode":0,"name":"Shaded","section":"Shading Mode"},"sceneLighting":false,"audioPlay":false,"sceneViewState":{"showFog":true,"showMaterialUpdate":false,"showSkybox":false,"showFlares":true,"showImageEffects":true,"showParticleSystems":true},"in2DMode":false,"pivot":{"x":-77.018310546875,"y":-17.904052734375,"z":211.342529296875},"rotation":{"x":-0.04924649000167847,"y":-0.9480406045913696,"z":0.19295479357242585,"w":-0.24956853687763215},"size":1291.34912109375,"orthographic":false}