{"cameraMode":{"drawMode":0,"name":"Shaded","section":"Shading Mode"},"sceneLighting":false,"audioPlay":false,"sceneViewState":{"showFog":true,"showMaterialUpdate":false,"showSkybox":false,"showFlares":true,"showImageEffects":true,"showParticleSystems":true},"in2DMode":false,"pivot":{"x":25.49700164794922,"y":0.2319999635219574,"z":-7.814000129699707},"rotation":{"x":-0.04287473112344742,"y":-0.9536020755767822,"z":0.18241047859191895,"w":-0.2373928278684616},"size":2.199633836746216,"orthographic":false}