{"cameraMode":{"drawMode":0,"name":"Shaded","section":"Shading Mode"},"sceneLighting":false,"audioPlay":false,"sceneViewState":{"showFog":true,"showMaterialUpdate":false,"showSkybox":false,"showFlares":true,"showImageEffects":true,"showParticleSystems":true},"in2DMode":false,"pivot":{"x":7.566016674041748,"y":-8.263137817382813,"z":-1.8141038417816163},"rotation":{"x":-0.016560299322009088,"y":-0.9808990955352783,"z":0.16818393766880036,"w":-0.09651321917772293},"size":28.757617950439454,"orthographic":false}