{"cameraMode":{"drawMode":0,"name":"Shaded","section":"Shading Mode"},"sceneLighting":false,"audioPlay":false,"sceneViewState":{"showFog":true,"showMaterialUpdate":false,"showSkybox":false,"showFlares":true,"showImageEffects":true,"showParticleSystems":true},"in2DMode":false,"pivot":{"x":-2.1600003242492677,"y":-6.789999961853027,"z":0.6600000858306885},"rotation":{"x":0.023390065878629686,"y":-0.976594865322113,"z":0.14790849387645722,"w":0.15452049672603608},"size":28.757617950439454,"orthographic":false}