{"cameraMode":{"drawMode":0,"name":"Shaded","section":"Shading Mode"},"sceneLighting":false,"audioPlay":false,"sceneViewState":{"showFog":true,"showMaterialUpdate":false,"showSkybox":false,"showFlares":true,"showImageEffects":true,"showParticleSystems":true},"in2DMode":false,"pivot":{"x":7.223393440246582,"y":-17.982084274291993,"z":-23.284420013427736},"rotation":{"x":-0.02657083235681057,"y":-0.9709562659263611,"z":0.1929086297750473,"w":-0.14168713986873628},"size":33.41122055053711,"orthographic":false}