{"cameraMode":{"drawMode":0,"name":"Shaded","section":"Shading Mode"},"sceneLighting":false,"audioPlay":false,"sceneViewState":{"showFog":true,"showMaterialUpdate":false,"showSkybox":false,"showFlares":true,"showImageEffects":true,"showParticleSystems":true},"in2DMode":false,"pivot":{"x":131.47998046875,"y":2.2943663597106935,"z":-7.030031681060791},"rotation":{"x":-0.04287473112344742,"y":-0.9536020755767822,"z":0.18241047859191895,"w":-0.2373928278684616},"size":145.7113800048828,"orthographic":false}