{"cameraMode":{"drawMode":0,"name":"Shaded","section":"Shading Mode"},"sceneLighting":false,"audioPlay":false,"sceneViewState":{"showFog":true,"showMaterialUpdate":false,"showSkybox":false,"showFlares":true,"showImageEffects":true,"showParticleSystems":true},"in2DMode":false,"pivot":{"x":23.010051727294923,"y":2.3010101318359377,"z":7.667533874511719},"rotation":{"x":-0.00810080487281084,"y":-0.9918866753578186,"z":0.0910186618566513,"w":-0.08921713382005692},"size":175.97276306152345,"orthographic":false}