{"cameraMode":{"drawMode":0,"name":"Shaded","section":"Shading Mode"},"sceneLighting":true,"audioPlay":false,"sceneViewState":{"showFog":true,"showMaterialUpdate":false,"showSkybox":true,"showFlares":true,"showImageEffects":true,"showParticleSystems":true},"in2DMode":false,"pivot":{"x":-0.18861007690429688,"y":1.8407862186431885,"z":-0.10222482681274414},"rotation":{"x":-0.0034986198879778387,"y":-0.9942387342453003,"z":0.0683332234621048,"w":-0.08741996437311173},"size":2.1073949337005617,"orthographic":false}