{"cameraMode":{"drawMode":0,"name":"Shaded","section":"Shading Mode"},"sceneLighting":false,"audioPlay":false,"sceneViewState":{"showFog":true,"showMaterialUpdate":false,"showSkybox":false,"showFlares":true,"showImageEffects":true,"showParticleSystems":true},"in2DMode":false,"pivot":{"x":0.004087019711732864,"y":-0.1326959878206253,"z":-0.42656880617141726},"rotation":{"x":0.013534209690988064,"y":-0.9799686074256897,"z":0.1859348863363266,"w":0.0718592181801796},"size":1.566678762435913,"orthographic":false}