{"cameraMode":{"drawMode":0,"name":"Shaded","section":"Shading Mode"},"sceneLighting":false,"audioPlay":false,"sceneViewState":{"showFog":true,"showMaterialUpdate":false,"showSkybox":false,"showFlares":true,"showImageEffects":true,"showParticleSystems":true},"in2DMode":false,"pivot":{"x":-22.104339599609376,"y":0.8183412551879883,"z":13.69495677947998},"rotation":{"x":-0.04287473112344742,"y":-0.9536020755767822,"z":0.18241047859191895,"w":-0.2373928278684616},"size":22.909828186035158,"orthographic":false}