{"cameraMode":{"drawMode":0,"name":"Shaded","section":"Shading Mode"},"sceneLighting":false,"audioPlay":false,"sceneViewState":{"showFog":true,"showMaterialUpdate":false,"showSkybox":false,"showFlares":true,"showImageEffects":true,"showParticleSystems":true},"in2DMode":false,"pivot":{"x":4.552143096923828,"y":-2.8377816677093508,"z":-7.189669132232666},"rotation":{"x":-0.04286603257060051,"y":-0.95201575756073,"z":0.1656683385372162,"w":-0.2551557421684265},"size":11.49579906463623,"orthographic":false}