{"cameraMode":{"drawMode":0,"name":"Shaded","section":"Shading Mode"},"sceneLighting":false,"audioPlay":false,"sceneViewState":{"showFog":true,"showMaterialUpdate":false,"showSkybox":false,"showFlares":true,"showImageEffects":true,"showParticleSystems":true},"in2DMode":false,"pivot":{"x":-7.271014213562012,"y":2.214775800704956,"z":-6.0964202880859379},"rotation":{"x":0.02207004837691784,"y":-0.9204246997833252,"z":0.05252088978886604,"w":0.3867618143558502},"size":11.726164817810059,"orthographic":false}