{"cameraMode":{"drawMode":0,"name":"Shaded","section":"Shading Mode"},"sceneLighting":false,"audioPlay":false,"sceneViewState":{"showFog":true,"showMaterialUpdate":false,"showSkybox":false,"showFlares":true,"showImageEffects":true,"showParticleSystems":true},"in2DMode":false,"pivot":{"x":-0.27259117364883425,"y":-0.0022225528955459596,"z":0.712853193283081},"rotation":{"x":0.03897503390908241,"y":-0.030587047338485719,"z":0.0012335431529209018,"w":0.9988976716995239},"size":2.1666786670684816,"orthographic":false}