{"cameraMode":{"drawMode":0,"name":"Shaded","section":"Shading Mode"},"sceneLighting":false,"audioPlay":false,"sceneViewState":{"showFog":true,"showMaterialUpdate":false,"showSkybox":false,"showFlares":true,"showImageEffects":true,"showParticleSystems":true},"in2DMode":false,"pivot":{"x":0.011993855237960816,"y":-0.03816373646259308,"z":-0.07641768455505371},"rotation":{"x":0.05030461773276329,"y":-0.9469550251960754,"z":0.1843910962343216,"w":0.25843551754951479},"size":0.3495960533618927,"orthographic":false}