{"cameraMode":{"drawMode":0,"name":"Shaded","section":"Shading Mode"},"sceneLighting":false,"audioPlay":false,"sceneViewState":{"showFog":true,"showMaterialUpdate":false,"showSkybox":false,"showFlares":true,"showImageEffects":true,"showParticleSystems":true},"in2DMode":false,"pivot":{"x":103.46910858154297,"y":-13.76421070098877,"z":308.1677551269531},"rotation":{"x":-0.0694628581404686,"y":-0.9209380149841309,"z":0.1991209238767624,"w":-0.32881438732147219},"size":491.03717041015627,"orthographic":false}