{"cameraMode":{"drawMode":0,"name":"Shaded","section":"Shading Mode"},"sceneLighting":false,"audioPlay":false,"sceneViewState":{"showFog":true,"showMaterialUpdate":false,"showSkybox":false,"showFlares":true,"showImageEffects":true,"showParticleSystems":true},"in2DMode":false,"pivot":{"x":-94.17236328125,"y":35.55657958984375,"z":161.8497314453125},"rotation":{"x":-0.05443434417247772,"y":-0.9402765035629273,"z":0.18849574029445649,"w":-0.27947527170181277},"size":1291.34912109375,"orthographic":false}