{"cameraMode":{"drawMode":0,"name":"Shaded","section":"Shading Mode"},"sceneLighting":false,"audioPlay":false,"sceneViewState":{"showFog":true,"showMaterialUpdate":false,"showSkybox":false,"showFlares":true,"showImageEffects":true,"showParticleSystems":true},"in2DMode":false,"pivot":{"x":3.8320209980010988,"y":-0.3325497806072235,"z":0.9784243702888489},"rotation":{"x":-0.07180318981409073,"y":-0.6683087944984436,"z":0.06711646169424057,"w":-0.737796425819397},"size":3.16369891166687,"orthographic":false}