{"cameraMode":{"drawMode":0,"name":"Shaded","section":"Shading Mode"},"sceneLighting":false,"audioPlay":false,"sceneViewState":{"showFog":true,"showMaterialUpdate":false,"showSkybox":false,"showFlares":true,"showImageEffects":true,"showParticleSystems":true},"in2DMode":false,"pivot":{"x":-0.007889911532402039,"y":0.04307939112186432,"z":-0.008485071361064911},"rotation":{"x":-0.6563158631324768,"y":-0.08476970344781876,"z":0.07450371235609055,"w":-0.746035099029541},"size":0.06453735381364823,"orthographic":false}