{"cameraMode":{"drawMode":0,"name":"Shaded","section":"Shading Mode"},"sceneLighting":false,"audioPlay":false,"sceneViewState":{"showFog":true,"showMaterialUpdate":false,"showSkybox":false,"showFlares":true,"showImageEffects":true,"showParticleSystems":true},"in2DMode":false,"pivot":{"x":0.9263754487037659,"y":0.21497184038162232,"z":-2.3787240982055666},"rotation":{"x":0.010712233372032643,"y":0.9867696762084961,"z":-0.1395731270313263,"w":0.08481312543153763},"size":5.7157673835754398,"orthographic":false}